{
	"high": 18,
	"low": 15,
	"avg": 17.026798612,
	"vol": 30088.36155533,
	"last": 16.52991,
	"buy": 16.52991,
	"sell": 16.554
}